<root>
	<file path="src/assets/js/settings.js" >
		<field name="WORDPRESS_URL" label="Wordpress url (no '/' at the end)" required="true" type="string" rules="wordpressURL" maxLength="" />
        <field name="ONESIGNAL_APP_ID" label="Onesignal App ID" required="true" type="string" rules="onesignalID" maxLength="" />
		<field name="WORDPRESS_PER_PAGE" label="Wordpress per page" type="string" rules="Number" maxLength="" />
        <field name="POST_PER_PAGE" label="Post per page" type="string" rules="Number" maxLength="" />
		<field name="REQUEST_TIMEOUT" label="Request timeout(milliseconds)" type="string" rules="Number" maxLength="" />
        <field name="NOTICE_TIMEOUT" label="Notice timeout(milliseconds)" type="string" rules="Number" maxLength="" />
        <field name="SLIDE_TIME" label="Slide timeout(milliseconds)" type="string" rules="Number" maxLength="" />
		<field name="HIDE_SALE" label="Hide sale" type="boolean" rules="boolean" />
	</file>
</root>
