<?xml version='1.0' encoding='utf-8'?>
<widget id="PACKAGE_ID" version="APP_VERSION" xmlns="http://www.w3.org/ns/widgets" xmlns:cdv="http://cordova.apache.org/ns/1.0">
    <name>APP_NAME</name>
    <description><![CDATA[APP_DESCRIPTION]]></description>
    <author email="APP_EMAIL" href="AUTH_HREF">APP_AUTHOR</author>
    <content src="index.html" />
    <access origin="*"/>
  <allow-navigation href="http://ionic.local/*"/>
  <allow-navigation href="*youtube*"/>
  <allow-navigation href="*ytimg*"/>
  <allow-intent href="http://*/*"/>
  <allow-intent href="https://*/*"/>
  <allow-intent href="tel:*"/>
  <allow-intent href="sms:*"/>
  <allow-intent href="mailto:*"/>
  <allow-intent href="geo:*"/>
  <platform name="android">
    <allow-intent href="market:*"/>
    <icon src="resources/android/icon/drawable-ldpi-icon.png" density="ldpi"/>
    <icon src="resources/android/icon/drawable-mdpi-icon.png" density="mdpi"/>
    <icon src="resources/android/icon/drawable-hdpi-icon.png" density="hdpi"/>
    <icon src="resources/android/icon/drawable-xhdpi-icon.png" density="xhdpi"/>
    <icon src="resources/android/icon/drawable-xxhdpi-icon.png" density="xxhdpi"/>
    <icon src="resources/android/icon/drawable-xxxhdpi-icon.png" density="xxxhdpi"/>
    <splash src="resources/android/splash/drawable-land-ldpi-screen.png" density="land-ldpi"/>
    <splash src="resources/android/splash/drawable-land-mdpi-screen.png" density="land-mdpi"/>
    <splash src="resources/android/splash/drawable-land-hdpi-screen.png" density="land-hdpi"/>
    <splash src="resources/android/splash/drawable-land-xhdpi-screen.png" density="land-xhdpi"/>
    <splash src="resources/android/splash/drawable-land-xxhdpi-screen.png" density="land-xxhdpi"/>
    <splash src="resources/android/splash/drawable-land-xxxhdpi-screen.png" density="land-xxxhdpi"/>
    <splash src="resources/android/splash/drawable-port-ldpi-screen.png" density="port-ldpi"/>
    <splash src="resources/android/splash/drawable-port-mdpi-screen.png" density="port-mdpi"/>
    <splash src="resources/android/splash/drawable-port-hdpi-screen.png" density="port-hdpi"/>
    <splash src="resources/android/splash/drawable-port-xhdpi-screen.png" density="port-xhdpi"/>
    <splash src="resources/android/splash/drawable-port-xxhdpi-screen.png" density="port-xxhdpi"/>
    <splash src="resources/android/splash/drawable-port-xxxhdpi-screen.png" density="port-xxxhdpi"/>
  </platform>
  <platform name="ios">
    <allow-intent href="itms:*"/>
    <allow-intent href="itms-apps:*"/>
    <icon src="resources/ios/icon/icon.png" width="57" height="57"/>
    <icon src="resources/ios/icon/icon@2x.png" width="114" height="114"/>
    <icon src="resources/ios/icon/icon-40.png" width="40" height="40"/>
    <icon src="resources/ios/icon/icon-40@2x.png" width="80" height="80"/>
    <icon src="resources/ios/icon/icon-40@3x.png" width="120" height="120"/>
    <icon src="resources/ios/icon/icon-50.png" width="50" height="50"/>
    <icon src="resources/ios/icon/icon-50@2x.png" width="100" height="100"/>
    <icon src="resources/ios/icon/icon-60.png" width="60" height="60"/>
    <icon src="resources/ios/icon/icon-60@2x.png" width="120" height="120"/>
    <icon src="resources/ios/icon/icon-60@3x.png" width="180" height="180"/>
    <icon src="resources/ios/icon/icon-72.png" width="72" height="72"/>
    <icon src="resources/ios/icon/icon-72@2x.png" width="144" height="144"/>
    <icon src="resources/ios/icon/icon-76.png" width="76" height="76"/>
    <icon src="resources/ios/icon/icon-76@2x.png" width="152" height="152"/>
    <icon src="resources/ios/icon/icon-83.5@2x.png" width="167" height="167"/>
    <icon src="resources/ios/icon/icon-small.png" width="29" height="29"/>
    <icon src="resources/ios/icon/icon-small@2x.png" width="58" height="58"/>
    <icon src="resources/ios/icon/icon-small@3x.png" width="87" height="87"/>
    <splash src="resources/ios/splash/Default-568h@2x~iphone.png" width="640" height="1136"/>
    <splash src="resources/ios/splash/Default-667h.png" width="750" height="1334"/>
    <splash src="resources/ios/splash/Default-736h.png" width="1242" height="2208"/>
    <splash src="resources/ios/splash/Default-Landscape-736h.png" width="2208" height="1242"/>
    <splash src="resources/ios/splash/Default-Landscape@2x~ipad.png" width="2048" height="1536"/>
    <splash src="resources/ios/splash/Default-Landscape@~ipadpro.png" width="2732" height="2048"/>
    <splash src="resources/ios/splash/Default-Landscape~ipad.png" width="1024" height="768"/>
    <splash src="resources/ios/splash/Default-Portrait@2x~ipad.png" width="1536" height="2048"/>
    <splash src="resources/ios/splash/Default-Portrait@~ipadpro.png" width="2048" height="2732"/>
    <splash src="resources/ios/splash/Default-Portrait~ipad.png" width="768" height="1024"/>
    <splash src="resources/ios/splash/Default@2x~iphone.png" width="640" height="960"/>
    <splash src="resources/ios/splash/Default~iphone.png" width="320" height="480"/>
  </platform>
  <platform name="android">
    <icon density="ldpi" src="resources/android/icon/drawable-ldpi-icon.png"/>
    <icon density="mdpi" src="resources/android/icon/drawable-mdpi-icon.png"/>
    <icon density="hdpi" src="resources/android/icon/drawable-hdpi-icon.png"/>
    <icon density="xhdpi" src="resources/android/icon/drawable-xhdpi-icon.png"/>
    <icon density="xxhdpi" src="resources/android/icon/drawable-xxhdpi-icon.png"/>
    <icon density="xxxhdpi" src="resources/android/icon/drawable-xxxhdpi-icon.png"/>
    <splash density="land-ldpi" src="resources/android/splash/drawable-land-ldpi-screen.png"/>
    <splash density="land-mdpi" src="resources/android/splash/drawable-land-mdpi-screen.png"/>
    <splash density="land-hdpi" src="resources/android/splash/drawable-land-hdpi-screen.png"/>
    <splash density="land-xhdpi" src="resources/android/splash/drawable-land-xhdpi-screen.png"/>
    <splash density="land-xxhdpi" src="resources/android/splash/drawable-land-xxhdpi-screen.png"/>
    <splash density="land-xxxhdpi" src="resources/android/splash/drawable-land-xxxhdpi-screen.png"/>
    <splash density="port-ldpi" src="resources/android/splash/drawable-port-ldpi-screen.png"/>
    <splash density="port-mdpi" src="resources/android/splash/drawable-port-mdpi-screen.png"/>
    <splash density="port-hdpi" src="resources/android/splash/drawable-port-hdpi-screen.png"/>
    <splash density="port-xhdpi" src="resources/android/splash/drawable-port-xhdpi-screen.png"/>
    <splash density="port-xxhdpi" src="resources/android/splash/drawable-port-xxhdpi-screen.png"/>
    <splash density="port-xxxhdpi" src="resources/android/splash/drawable-port-xxxhdpi-screen.png"/>
  </platform>
  <platform name="ios">
    <icon height="57" src="resources/ios/icon/icon.png" width="57"/>
    <icon height="114" src="resources/ios/icon/icon@2x.png" width="114"/>
    <icon height="40" src="resources/ios/icon/icon-40.png" width="40"/>
    <icon height="80" src="resources/ios/icon/icon-40@2x.png" width="80"/>
    <icon height="120" src="resources/ios/icon/icon-40@3x.png" width="120"/>
    <icon height="50" src="resources/ios/icon/icon-50.png" width="50"/>
    <icon height="100" src="resources/ios/icon/icon-50@2x.png" width="100"/>
    <icon height="60" src="resources/ios/icon/icon-60.png" width="60"/>
    <icon height="120" src="resources/ios/icon/icon-60@2x.png" width="120"/>
    <icon height="180" src="resources/ios/icon/icon-60@3x.png" width="180"/>
    <icon height="72" src="resources/ios/icon/icon-72.png" width="72"/>
    <icon height="144" src="resources/ios/icon/icon-72@2x.png" width="144"/>
    <icon height="76" src="resources/ios/icon/icon-76.png" width="76"/>
    <icon height="152" src="resources/ios/icon/icon-76@2x.png" width="152"/>
    <icon height="167" src="resources/ios/icon/icon-83.5@2x.png" width="167"/>
    <icon height="29" src="resources/ios/icon/icon-small.png" width="29"/>
    <icon height="58" src="resources/ios/icon/icon-small@2x.png" width="58"/>
    <icon height="87" src="resources/ios/icon/icon-small@3x.png" width="87"/>
    <splash height="1136" src="resources/ios/splash/Default-568h@2x~iphone.png" width="640"/>
    <splash height="1334" src="resources/ios/splash/Default-667h.png" width="750"/>
    <splash height="2208" src="resources/ios/splash/Default-736h.png" width="1242"/>
    <splash height="1242" src="resources/ios/splash/Default-Landscape-736h.png" width="2208"/>
    <splash height="1536" src="resources/ios/splash/Default-Landscape@2x~ipad.png" width="2048"/>
    <splash height="2048" src="resources/ios/splash/Default-Landscape@~ipadpro.png" width="2732"/>
    <splash height="768" src="resources/ios/splash/Default-Landscape~ipad.png" width="1024"/>
    <splash height="2048" src="resources/ios/splash/Default-Portrait@2x~ipad.png" width="1536"/>
    <splash height="2732" src="resources/ios/splash/Default-Portrait@~ipadpro.png" width="2048"/>
    <splash height="1024" src="resources/ios/splash/Default-Portrait~ipad.png" width="768"/>
    <splash height="960" src="resources/ios/splash/Default@2x~iphone.png" width="640"/>
    <splash height="480" src="resources/ios/splash/Default~iphone.png" width="320"/>
  </platform>
  <preference name="OverrideUserAgent" value="Mozilla/5.0 My Browser"/>
  <preference name="StatusBarOverlaysWebView" value="false"/>
  <preference name="CordovaWebViewEngine" value="CDVWKWebViewEngine"/>
  <preference name="webviewbounce" value="false"/>
  <preference name="UIWebViewBounce" value="false"/>
  <preference name="DisallowOverscroll" value="true"/>
  <preference name="android-minSdkVersion" value="16"/>
  <preference name="BackupWebStorage" value="none"/>
  <preference name="SplashMaintainAspectRatio" value="true"/>
  <preference name="LoadUrlTimeoutValue" value="700000"/>
  <preference name="AutoHideSplashScreen" value="false"/>
  <preference name="ShowSplashScreenSpinner" value="false"/>
  <preference name="FadeSplashScreen" value="false"/>
  <preference name="FadeSplashScreenDuration" value="0"/>
  <preference name="SplashShowOnlyFirstTime" value="true"/>
  <preference name="SplashScreen" value="screen"/>
  <preference name="SplashScreenDelay" value="0"/>
  <feature name="StatusBar">
    <param name="ios-package" onload="true" value="CDVStatusBar"/>
  </feature>
  <feature name="CDVWKWebViewEngine">
    <param name="ios-package" value="CDVWKWebViewEngine"/>
  </feature>
  <feature name="Geolocation">
    <param name="ios-package" value="CDVLocation"/>
  </feature>
  <plugin name="com-sarriaroman-photoviewer" spec="1.1.10"/>
  <plugin name="cordova-android-play-services-gradle-release" spec="0.0.2"/>
  <plugin name="cordova-plugin-admob-free" spec="0.9.0"/>
  <plugin name="cordova-plugin-camera" spec="2.4.1">
    <variable name="CAMERA_USAGE_DESCRIPTION" value="take avatar"/>
    <variable name="PHOTOLIBRARY_USAGE_DESCRIPTION" value="chose avatar"/>
  </plugin>
  <plugin name="cordova-plugin-console" spec="1.0.5"/>
  <plugin name="cordova-plugin-device" spec="1.1.4"/>
  <plugin name="cordova-plugin-geolocation" spec="2.4.3"/>
  <plugin name="cordova-plugin-google-analytics" spec="1.8.3"/>
  <plugin name="cordova-plugin-inappbrowser" spec="1.6.1"/>
  <plugin name="cordova-plugin-network-information" spec="1.3.1"/>
  <plugin name="cordova-plugin-request-location-accuracy" spec="2.2.1"/>
  <plugin name="cordova-plugin-splashscreen" spec="4.0.1"/>
  <plugin name="cordova-plugin-statusbar" spec="2.2.1"/>
  <plugin name="cordova-plugin-whitelist" spec="1.3.1"/>
  <plugin name="cordova-plugin-x-socialsharing" spec="5.1.6"/>
  <plugin name="cordova-plugin-x-toast" spec="2.6.0"/>
  <plugin name="cordova.plugins.diagnostic" spec="3.6.7"/>
  <plugin name="ionic-plugin-keyboard" spec="2.2.1"/>
  <plugin name="onesignal-cordova-plugin" spec="2.1.1"/>
  <plugin name="cordova-sqlite-storage" spec="2.0.4"/>
  <plugin name="cordova-plugin-ionic-webview" spec="~1.1.16"/>
  <icon src="resources/android/icon/drawable-xhdpi-icon.png"/>
</widget>