{"__symbolic":"module","version":1,"metadata":{"translateLoaderFactory":{"__symbolic":"function","parameters":["http"],"value":{"__symbolic":"new","expression":{"__symbolic":"reference","module":"./src/translate.service","name":"TranslateStaticLoader"},"arguments":[{"__symbolic":"reference","name":"http"}]}},"TranslateModule":{"__symbolic":"class","decorators":[{"__symbolic":"call","expression":{"__symbolic":"reference","module":"@angular/core","name":"NgModule"},"arguments":[{"imports":[{"__symbolic":"reference","module":"@angular/http","name":"HttpModule"}],"declarations":[{"__symbolic":"reference","module":"./src/translate.pipe","name":"TranslatePipe"}],"exports":[{"__symbolic":"reference","module":"@angular/http","name":"HttpModule"},{"__symbolic":"reference","module":"./src/translate.pipe","name":"TranslatePipe"}]}]}],"statics":{"forRoot":{"__symbolic":"function","parameters":["providedLoader"],"value":{"ngModule":{"__symbolic":"reference","name":"TranslateModule"},"providers":[{"__symbolic":"reference","name":"providedLoader"},{"__symbolic":"reference","module":"./src/translate.service","name":"TranslateService"}]},"defaults":[{"provide":{"__symbolic":"reference","module":"./src/translate.service","name":"TranslateLoader"},"useFactory":{"__symbolic":"reference","name":"translateLoaderFactory"},"deps":[{"__symbolic":"reference","module":"@angular/http","name":"Http"}]}]}}}},"exports":[{"from":"./src/translate.pipe"},{"from":"./src/translate.service"},{"from":"./src/translate.parser"}]}